"fecha","local","gl","visitante","gv","arbitro","timestamp"
"1","Argentinos Juniors","2","Atletico Rafaela","0","Pablo Lunati","2015-02-15 19:10:00"
"1","Arsenal de Sarandí","0","Estudiantes La Plata","1","Darío Herrera","2015-02-16 18:00:00"
"1","Banfield","0","Temperley","1","Silvio Trucco","2015-02-14 20:30:00"
"1","Belgrano","3","Nueva Chicago","1","Mariano González","2015-02-16 21:10:00"
"1","Boca Juniors","3","Olimpo","1","Fernando Echenique","2015-02-15 18:15:00"
"1","Crucero del Norte","0","Tigre","0","Juan Pablo Pompei","2015-02-14 21:30:00"
"1","Gimnasia La Plata","0","Defensa y Justicia","1","Pablo Diaz","2015-02-14 17:00:00"
"1","Godoy Cruz","1","San Martín San Juan","1","Germán Delfino","2015-02-14 19:15:00"
"1","Newell's Old Boys","2","Independiente","3","Fernando Rapallini","2015-02-14 20:01:00"
"1","Quilmes","0","Lanús","1","Carlos Maglio","2015-02-15 17:00:00"
"1","Racing Club","0","Rosario Central","1","Néstor Pitana","2015-02-13 21:10:00"
"1","Sarmiento","1","River Plate","4","Patricio Loustau","2015-02-15 21:30:00"
"1","San Lorenzo","2","Colón","0","Saúl Laverni","2015-02-14 17:00:00"
"1","Unión Santa Fe","1","CA Huracán","0","Mauro Vigliano","2015-02-15 17:00:00"
"1","Vélez Sarsfield","2","Aldosivi","0","Diego Abal","2015-02-13 18:00:00"
"2","Aldosivi","0","Newell's Old Boys","1","Patricio Loustau","2015-02-22 17:00:00"
"2","Rosario Central","2","Tigre","1","Diego Ceballos","2015-02-21 19:15:00"
"2","Nueva Chicago","2","Unión Santa Fe","2","Pedro Argañaraz","2015-02-22 17:00:00"
"2","Colón","1","Argentinos Juniors","1","Juan Pablo Pompei","2015-02-22 19:10:00"
"2","Defensa y Justicia","1","San Lorenzo","2","Fernando Echenique","2015-02-23 21:10:00"
"2","Estudiantes La Plata","2","Godoy Cruz","1","Pablo Diaz","2015-02-21 17:15:00"
"2","CA Huracán","1","Arsenal de Sarandí","0","Silvio Trucco","2015-02-21 17:00:00"
"2","Independiente","1","Sarmiento","1","Federico Beligoy","2015-02-22 17:00:00"
"2","Lanús","0","Belgrano","0","Darío Herrera","2015-02-23 18:00:00"
"2","Olimpo","0","Racing Club","0","Diego Abal","2015-02-21 20:01:00"
"2","Atletico Rafaela","1","Banfield","4","Germán Delfino","2015-02-20 21:10:00"
"2","River Plate","2","Quilmes","2","Mauro Vigliano","2015-02-22 18:15:00"
"2","San Martín San Juan","1","Gimnasia La Plata","1","Sergio Pezzotta","2015-02-21 21:30:00"
"2","Temperley","0","Boca Juniors","2","Fernando Rapallini","2015-02-22 21:30:00"
"2","Vélez Sarsfield","2","Crucero del Norte","1","Saúl Laverni","2015-02-21 20:30:00"
"3","Argentinos Juniors","1","Defensa y Justicia","0","Federico Beligoy","2015-03-01 19:15:00"
"3","Arsenal de Sarandí","1","Nueva Chicago","1","Juan Pablo Pompei","2015-02-27 18:00:00"
"3","Banfield","0","Colón","0","Sergio Pezzotta","2015-03-02 20:15:00"
"3","Belgrano","1","River Plate","2","Germán Delfino","2015-03-01 21:30:00"
"3","Boca Juniors","1","Atletico Rafaela","0","Darío Herrera","2015-03-01 18:15:00"
"3","Crucero del Norte","0","Rosario Central","1","Mauro Vigliano","2015-02-28 18:00:00"
"3","Gimnasia La Plata","1","Estudiantes La Plata","3","Néstor Pitana","2015-03-01 17:00:00"
"3","Godoy Cruz","2","CA Huracán","1","Luis Álvarez","2015-02-27 21:10:00"
"3","Newell's Old Boys","0","Vélez Sarsfield","0","Fernando Echenique","2015-03-02 21:10:00"
"3","Quilmes","1","Independiente","2","Patricio Loustau","2015-02-28 20:10:00"
"3","Racing Club","2","Temperley","1","Saúl Laverni","2015-03-01 19:15:00"
"3","Sarmiento","2","Aldosivi","2","Pedro Argañaraz","2015-03-02 18:00:00"
"3","San Lorenzo","1","San Martín San Juan","2","Diego Abal","2015-02-28 20:30:00"
"3","Tigre","1","Olimpo","0","Pablo Diaz","2015-02-28 17:00:00"
"3","Unión Santa Fe","1","Lanús","1","Silvio Trucco","2015-02-28 19:15:00"
"4","Aldosivi","1","Quilmes","1","Darío Herrera","2015-03-07 19:15:00"
"4","Nueva Chicago","0","Godoy Cruz","2","Sergio Pezzotta","2015-03-07 17:00:00"
"4","Colón","1","Boca Juniors","1","Germán Delfino","2015-03-08 21:30:00"
"4","Defensa y Justicia","1","Banfield","0","Mariano González","2015-03-08 17:00:00"
"4","Estudiantes La Plata","0","San Lorenzo","2","Silvio Trucco","2015-03-09 21:10:00"
"4","CA Huracán","1","Gimnasia La Plata","1","Diego Abal","2015-03-06 18:00:00"
"4","Independiente","1","Belgrano","2","Diego Ceballos","2015-03-07 20:10:00"
"4","Lanús","0","Arsenal de Sarandí","0","Mauro Vigliano","2015-03-08 17:00:00"
"4","Newell's Old Boys","2","Crucero del Norte","0","Ariel Penel","2015-03-07 20:30:00"
"4","Olimpo","1","Rosario Central","3","Federico Beligoy","2015-03-07 18:00:00"
"4","Atletico Rafaela","1","Racing Club","1","Jorge Baliño","2015-03-06 21:10:00"
"4","River Plate","2","Unión Santa Fe","2","Patricio Loustau","2015-03-08 18:15:00"
"4","San Martín San Juan","0","Argentinos Juniors","0","Néstor Pitana","2015-03-08 19:15:00"
"4","Temperley","1","Tigre","1","Pedro Argañaraz","2015-03-09 20:01:00"
"4","Vélez Sarsfield","1","Sarmiento","1","Fernando Espinoza","2015-03-08 17:00:00"
"5","Argentinos Juniors","2","Estudiantes La Plata","2","Patricio Loustau","2015-03-15 18:10:00"
"5","Arsenal de Sarandí","3","River Plate","3","Darío Herrera","2015-03-16 21:10:00"
"5","Banfield","3","San Martín San Juan","2","Diego Ceballos","2015-03-14 16:00:00"
"5","Belgrano","0","Aldosivi","1","Sergio Pezzotta","2015-03-16 20:01:00"
"5","Boca Juniors","2","Defensa y Justicia","1","Jorge Baliño","2015-03-14 18:15:00"
"5","Crucero del Norte","0","Olimpo","0","Pablo Lunati","2015-03-13 18:00:00"
"5","Rosario Central","1","Temperley","0","Juan Pablo Pompei","2015-03-16 16:00:00"
"5","Gimnasia La Plata","2","Nueva Chicago","1","Germán Delfino","2015-03-17 16:00:00"
"5","Godoy Cruz","1","Lanús","5","Diego Abal","2015-03-15 21:30:00"
"5","Quilmes","2","Vélez Sarsfield","1","Pablo Diaz","2015-03-15 17:00:00"
"5","Racing Club","4","Colón","1","Luis Álvarez","2015-03-13 21:10:00"
"5","Sarmiento","1","Newell's Old Boys","2","Silvio Trucco","2015-03-14 20:30:00"
"5","San Lorenzo","3","CA Huracán","1","Saúl Laverni","2015-03-15 18:15:00"
"5","Tigre","2","Atletico Rafaela","1","Fernando Echenique","2015-03-15 18:15:00"
"5","Unión Santa Fe","1","Independiente","1","Mauro Vigliano","2015-03-14 20:10:00"
"6","Aldosivi","3","Unión Santa Fe","3","Mario Ejarque","2015-03-23 18:10:00"
"6","Nueva Chicago","0","San Lorenzo","1","Pablo Lunati","2015-03-23 16:00:00"
"6","Colón","0","Tigre","1","Sergio Pezzotta","2015-03-21 17:00:00"
"6","Defensa y Justicia","1","Racing Club","1","Mauro Vigliano","2015-03-22 17:00:00"
"6","Estudiantes La Plata","1","Banfield","2","Juan Pablo Pompei","2015-03-22 17:00:00"
"6","CA Huracán","4","Argentinos Juniors","0","Fernando Echenique","2015-03-21 20:30:00"
"6","Independiente","4","Arsenal de Sarandí","0","Silvio Trucco","2015-03-21 20:10:00"
"6","Lanús","2","Gimnasia La Plata","0","Jorge Baliño","2015-03-20 21:10:00"
"6","Newell's Old Boys","1","Quilmes","1","Mariano González","2015-03-20 20:30:00"
"6","Atletico Rafaela","1","Rosario Central","1","Germán Delfino","2015-03-22 16:00:00"
"6","River Plate","1","Godoy Cruz","0","Diego Ceballos","2015-03-22 18:15:00"
"6","Sarmiento","2","Crucero del Norte","1","Pedro Argañaraz","2015-03-21 20:30:00"
"6","San Martín San Juan","1","Boca Juniors","1","Patricio Loustau","2015-03-22 21:30:00"
"6","Temperley","0","Olimpo","0","Néstor Pitana","2015-03-23 21:10:00"
"6","Vélez Sarsfield","1","Belgrano","2","Diego Abal","2015-03-21 18:00:00"
"7","Argentinos Juniors","1","Nueva Chicago","1","Darío Herrera","2015-03-30 22:10:00"
"7","Arsenal de Sarandí","0","Aldosivi","3","Ariel Penel","2015-04-25 16:00:00"
"7","Banfield","1","CA Huracán","0","Germán Delfino","2015-03-28 20:01:00"
"7","Belgrano","2","Newell's Old Boys","0","Mauro Giannini","2015-03-29 17:00:00"
"7","Boca Juniors","3","Estudiantes La Plata","0","Diego Abal","2015-03-29 19:15:00"
"7","Crucero del Norte","1","Temperley","0","Diego Ceballos","2015-03-28 21:00:00"
"7","Rosario Central","1","Colón","1","Patricio Loustau","2015-03-27 21:10:00"
"7","Gimnasia La Plata","2","River Plate","3","Pablo Lunati","2015-03-29 22:30:00"
"7","Godoy Cruz","2","Independiente","2","Sergio Pezzotta","2015-03-28 20:10:00"
"7","Olimpo","0","Atletico Rafaela","0","Fernando Espinoza","2015-03-28 15:00:00"
"7","Quilmes","0","Sarmiento","4","Mauro Vigliano","2015-03-27 18:00:00"
"7","Racing Club","2","San Martín San Juan","0","Fernando Echenique","2015-03-29 18:00:00"
"7","San Lorenzo","4","Lanús","0","Silvio Trucco","2015-03-28 20:30:00"
"7","Tigre","0","Defensa y Justicia","0","Néstor Pitana","2015-03-30 22:10:00"
"7","Unión Santa Fe","1","Vélez Sarsfield","0","Jorge Baliño","2015-03-29 19:15:00"
"8","Aldosivi","2","Godoy Cruz","0","Pablo Diaz","2015-04-04 20:15:00"
"8","Nueva Chicago","1","Banfield","2","Silvio Trucco","2015-04-06 17:00:00"
"8","Colón","1","Olimpo","0","Fernando Echenique","2015-04-05 19:15:00"
"8","Defensa y Justicia","3","Rosario Central","3","Diego Ceballos","2015-04-04 19:10:00"
"8","Estudiantes La Plata","1","Racing Club","1","Pablo Lunati","2015-04-03 22:10:00"
"8","CA Huracán","0","Boca Juniors","2","Fernando Rapallini","2015-04-05 19:15:00"
"8","Independiente","1","Gimnasia La Plata","1","Juan Pablo Pompei","2015-04-04 21:15:00"
"8","Lanús","0","Argentinos Juniors","1","Diego Abal","2015-04-05 18:00:00"
"8","Newell's Old Boys","2","Unión Santa Fe","0","Mauro Vigliano","2015-04-06 22:10:00"
"8","Quilmes","3","Crucero del Norte","1","Patricio Loustau","2015-04-05 21:30:00"
"8","Atletico Rafaela","1","Temperley","1","Andrés Merlos","2015-04-04 18:00:00"
"8","River Plate","1","San Lorenzo","0","Darío Herrera","2015-04-05 17:00:00"
"8","Sarmiento","1","Belgrano","3","Mariano González","2015-04-03 19:10:00"
"8","San Martín San Juan","3","Tigre","1","Saúl Laverni","2015-04-05 22:30:00"
"8","Vélez Sarsfield","2","Arsenal de Sarandí","1","Germán Delfino","2015-04-04 21:30:00"
"9","Argentinos Juniors","1","River Plate","2","Fernando Rapallini","2015-04-12 22:30:00"
"9","Arsenal de Sarandí","3","Newell's Old Boys","0","Luis Álvarez","2015-04-13 17:00:00"
"9","Banfield","1","Lanús","2","Patricio Loustau","2015-04-12 17:00:00"
"9","Belgrano","2","Quilmes","1","Pablo Lunati","2015-04-13 22:10:00"
"9","Boca Juniors","0","Nueva Chicago","0","Mauro Vigliano","2015-04-12 19:15:00"
"9","Crucero del Norte","1","Atletico Rafaela","1","Saúl Laverni","2015-04-10 19:00:00"
"9","Rosario Central","2","San Martín San Juan","1","Silvio Trucco","2015-04-11 19:10:00"
"9","Gimnasia La Plata","4","Aldosivi","1","Darío Herrera","2015-04-11 18:10:00"
"9","Godoy Cruz","2","Vélez Sarsfield","2","Néstor Pitana","2015-04-11 16:00:00"
"9","Olimpo","0","Defensa y Justicia","0","Sergio Pezzotta","2015-04-12 17:00:00"
"9","Racing Club","2","CA Huracán","0","Diego Ceballos","2015-04-11 21:15:00"
"9","San Lorenzo","1","Independiente","0","Diego Abal","2015-04-11 21:30:00"
"9","Temperley","2","Colón","1","Jorge Baliño","2015-04-10 22:10:00"
"9","Tigre","2","Estudiantes La Plata","0","Pablo Diaz","2015-04-13 21:10:00"
"9","Unión Santa Fe","0","Sarmiento","1","Fernando Echenique","2015-04-12 18:15:00"
"10","Aldosivi","1","San Lorenzo","0","Diego Ceballos","2015-04-19 18:10:00"
"10","Belgrano","1","Crucero del Norte","0","Fernando Espinoza","2015-04-18 22:00:00"
"10","Nueva Chicago","0","Racing Club","0","Germán Delfino","2015-04-19 16:00:00"
"10","Colón","2","Atletico Rafaela","1","Darío Herrera","2015-04-21 19:00:00"
"10","Defensa y Justicia","0","Temperley","1","Pablo Diaz","2015-04-18 19:30:00"
"10","Estudiantes La Plata","1","Rosario Central","1","Néstor Pitana","2015-04-17 22:10:00"
"10","CA Huracán","1","Tigre","2","Diego Abal","2015-04-18 19:10:00"
"10","Independiente","0","Argentinos Juniors","0","Pablo Lunati","2015-04-18 21:15:00"
"10","Lanús","1","Boca Juniors","3","Fernando Echenique","2015-04-19 22:30:00"
"10","Newell's Old Boys","2","Godoy Cruz","0","Patricio Loustau","2015-04-21 21:30:00"
"10","Quilmes","1","Unión Santa Fe","3","Ariel Penel","2015-04-20 22:10:00"
"10","River Plate","4","Banfield","1","Saúl Laverni","2015-04-19 19:15:00"
"10","Sarmiento","2","Arsenal de Sarandí","0","Silvio Trucco","2015-04-18 17:10:00"
"10","San Martín San Juan","2","Olimpo","0","Fernando Rapallini","2015-04-19 19:30:00"
"10","Vélez Sarsfield","0","Gimnasia La Plata","1","Mariano González","2015-04-18 21:30:00"
"11","Argentinos Juniors","0","Aldosivi","1","Germán Delfino","2015-05-02 20:30:00"
"11","Arsenal de Sarandí","0","Quilmes","1","Sergio Pezzotta","2015-05-04 17:00:00"
"11","Banfield","1","Independiente","1","Mauro Vigliano","2015-05-03 17:00:00"
"11","Boca Juniors","2","River Plate","0","Patricio Loustau","2015-05-03 19:15:00"
"11","Crucero del Norte","0","Colón","0","Mariano González","2015-05-04 22:00:00"
"11","Rosario Central","1","CA Huracán","1","Darío Herrera","2015-05-02 21:30:00"
"11","Gimnasia La Plata","0","Newell's Old Boys","0","Silvio Trucco","2015-05-02 18:15:00"
"11","Godoy Cruz","1","Sarmiento","0","Jorge Baliño","2015-04-30 19:00:00"
"11","Olimpo","0","Estudiantes La Plata","0","Diego Abal","2015-05-02 16:00:00"
"11","Racing Club","2","Lanús","0","Néstor Pitana","2015-05-02 21:15:00"
"11","Atletico Rafaela","2","Defensa y Justicia","1","Fernando Echenique","2015-05-03 16:00:00"
"11","San Lorenzo","1","Vélez Sarsfield","0","Pablo Lunati","2015-05-02 19:10:00"
"11","Temperley","0","San Martín San Juan","1","Diego Ceballos","2015-05-04 22:10:00"
"11","Tigre","2","Nueva Chicago","0","Fernando Rapallini","2015-05-03 18:10:00"
"11","Unión Santa Fe","1","Belgrano","1","Saúl Laverni","2015-05-03 22:30:00"
"12","Aldosivi","0","Banfield","3","Facundo Tello","2015-05-10 17:00:00"
"12","Belgrano","2","Arsenal de Sarandí","0","Darío Herrera","2015-05-10 17:00:00"
"12","Nueva Chicago","0","Rosario Central","2","Fernando Echenique","2015-05-08 16:00:00"
"12","Defensa y Justicia","2","Colón","3","Jorge Baliño","2015-05-11 22:10:00"
"12","Estudiantes La Plata","2","Temperley","1","Sergio Pezzotta","2015-05-08 22:10:00"
"12","CA Huracán","1","Olimpo","3","Luis Álvarez","2015-05-09 19:10:00"
"12","Independiente","1","Boca Juniors","1","Silvio Trucco","2015-05-10 22:30:00"
"12","Lanús","1","Tigre","1","Juan Pablo Pompei","2015-05-08 21:00:00"
"12","Newell's Old Boys","1","San Lorenzo","1","Mauro Vigliano","2015-05-09 21:15:00"
"12","Quilmes","0","Godoy Cruz","0","Andrés Merlos","2015-05-09 17:10:00"
"12","River Plate","0","Racing Club","0","Diego Abal","2015-05-10 19:15:00"
"12","Sarmiento","0","Gimnasia La Plata","0","Diego Ceballos","2015-05-11 19:00:00"
"12","San Martín San Juan","1","Atletico Rafaela","1","Nicolás Lamolina","2015-05-10 21:00:00"
"12","Unión Santa Fe","5","Crucero del Norte","2","Pablo Diaz","2015-05-09 19:30:00"
"12","Vélez Sarsfield","0","Argentinos Juniors","1","Fernando Rapallini","2015-05-09 21:30:00"
"13","Argentinos Juniors","2","Newell's Old Boys","1","Federico Beligoy","2015-05-24 17:00:00"
"13","Arsenal de Sarandí","1","Unión Santa Fe","1","Fernando Rapallini","2015-05-23 16:00:00"
"13","Banfield","1","Vélez Sarsfield","3","Diego Abal","2015-05-23 19:10:00"
"13","Boca Juniors","0","Aldosivi","3","Pablo Diaz","2015-05-24 19:15:00"
"13","Crucero del Norte","3","Defensa y Justicia","1","Saúl Laverni","2015-05-22 21:00:00"
"13","Rosario Central","1","Lanús","1","Patricio Loustau","2015-05-23 18:10:00"
"13","Colón","2","San Martín San Juan","2","Sergio Pezzotta","2015-05-23 18:40:00"
"13","Gimnasia La Plata","3","Quilmes","2","Jorge Baliño","2015-05-22 19:00:00"
"13","Godoy Cruz","1","Belgrano","0","Diego Ceballos","2015-05-24 19:20:00"
"13","Olimpo","0","Nueva Chicago","0","Andrés Merlos","2015-05-23 20:30:00"
"13","Racing Club","1","Independiente","0","Germán Delfino","2015-05-24 16:00:00"
"13","Atletico Rafaela","1","Estudiantes La Plata","2","Fernando Espinoza","2015-05-23 21:30:00"
"13","San Lorenzo","3","Sarmiento","0","Darío Herrera","2015-05-23 21:15:00"
"13","Temperley","0","CA Huracán","0","Ariel Penel","2015-05-22 22:10:00"
"13","Tigre","0","River Plate","0","Fernando Echenique","2015-07-08 21:10:00"
"14","Aldosivi","1","Racing Club","2","Darío Herrera","2015-05-31 17:00:00"
"14","Arsenal de Sarandí","1","Crucero del Norte","0","Fernando Echenique","2015-06-01 17:00:00"
"14","Belgrano","0","Gimnasia La Plata","1","Juan Pablo Pompei","2015-05-30 19:10:00"
"14","Nueva Chicago","0","Temperley","2","Federico Beligoy","2015-05-30 16:00:00"
"14","Estudiantes La Plata","0","Colón","0","Diego Ceballos","2015-05-31 20:30:00"
"14","CA Huracán","3","Atletico Rafaela","2","Sergio Pezzotta","2015-06-01 22:10:00"
"14","Independiente","1","Tigre","0","Saúl Laverni","2015-05-30 21:15:00"
"14","Lanús","2","Olimpo","0","Diego Abal","2015-06-01 22:10:00"
"14","Newell's Old Boys","1","Banfield","1","Germán Delfino","2015-05-30 21:30:00"
"14","Quilmes","1","San Lorenzo","2","Fernando Rapallini","2015-05-29 22:10:00"
"14","River Plate","2","Rosario Central","0","Néstor Pitana","2015-05-31 19:15:00"
"14","Sarmiento","0","Argentinos Juniors","0","Jorge Baliño","2015-05-30 18:10:00"
"14","San Martín San Juan","2","Defensa y Justicia","2","Luis Álvarez","2015-05-31 17:00:00"
"14","Unión Santa Fe","1","Godoy Cruz","0","Pablo Lunati","2015-05-30 21:30:00"
"14","Vélez Sarsfield","2","Boca Juniors","0","Patricio Loustau","2015-05-31 22:30:00"
"15","Argentinos Juniors","0","Quilmes","2","Sergio Pezzotta","2015-06-05 22:10:00"
"15","Banfield","0","Sarmiento","0","Facundo Tello","2015-06-05 21:00:00"
"15","Boca Juniors","4","Newell's Old Boys","0","Diego Ceballos","2015-06-07 19:15:00"
"15","Crucero del Norte","3","San Martín San Juan","1","Pablo Diaz","2015-06-07 12:00:00"
"15","Rosario Central","1","Independiente","1","Diego Abal","2015-06-07 16:00:00"
"15","Colón","1","CA Huracán","1","Pedro Argañaraz","2015-06-06 16:00:00"
"15","Defensa y Justicia","0","Estudiantes La Plata","1","Pablo Lunati","2015-06-08 21:10:00"
"15","Gimnasia La Plata","5","Unión Santa Fe","2","Fernando Espinoza","2015-06-05 19:00:00"
"15","Godoy Cruz","0","Arsenal de Sarandí","0","Juan Pablo Pompei","2015-06-07 21:00:00"
"15","Olimpo","1","River Plate","1","Germán Delfino","2015-06-07 22:30:00"
"15","Racing Club","3","Vélez Sarsfield","1","Fernando Echenique","2015-06-07 18:00:00"
"15","Atletico Rafaela","2","Nueva Chicago","0","Nicolás Lamolina","2015-06-07 17:00:00"
"15","San Lorenzo","0","Belgrano","0","Federico Beligoy","2015-06-06 19:00:00"
"15","Temperley","1","Lanús","1","Darío Herrera","2015-06-06 18:15:00"
"15","Tigre","2","Aldosivi","1","Fernando Rapallini","2015-06-08 19:00:00"
"16","Aldosivi","1","Rosario Central","3","Patricio Loustau","2015-07-13 19:00:00"
"16","Arsenal de Sarandí","0","Gimnasia La Plata","1","Sergio Pezzotta","2015-07-10 19:00:00"
"16","Belgrano","2","Argentinos Juniors","1","Fernando Echenique","2015-07-11 16:00:00"
"16","Nueva Chicago","0","Colón","0","Pablo Diaz","2015-07-12 15:00:00"
"16","Estudiantes La Plata","0","San Martín San Juan","0","Silvio Trucco","2015-07-10 22:10:00"
"16","Godoy Cruz","3","Crucero del Norte","0","Luis Álvarez","2015-07-12 19:15:00"
"16","CA Huracán","0","Defensa y Justicia","0","Ariel Penel","2015-07-11 21:30:00"
"16","Independiente","3","Olimpo","1","Fernando Rapallini","2015-07-12 16:00:00"
"16","Lanús","3","Atletico Rafaela","0","Saúl Laverni","2015-07-11 22:30:00"
"16","Newell's Old Boys","3","Racing Club","0","Mauro Vigliano","2015-07-12 18:00:00"
"16","Quilmes","0","Banfield","1","Néstor Pitana","2015-07-11 20:10:00"
"16","River Plate","1","Temperley","1","Jorge Baliño","2015-07-11 18:00:00"
"16","Sarmiento","0","Boca Juniors","1","Federico Beligoy","2015-07-12 22:30:00"
"16","Unión Santa Fe","1","San Lorenzo","1","Darío Herrera","2015-07-11 20:10:00"
"16","Vélez Sarsfield","2","Tigre","2","Diego Abal","2015-07-13 22:10:00"
"17","Argentinos Juniors","1","Unión Santa Fe","2","Silvio Trucco","2015-07-20 22:10:00"
"17","Banfield","1","Belgrano","2","Sergio Pezzotta","2015-07-17 22:30:00"
"17","Boca Juniors","2","Quilmes","1","Patricio Loustau","2015-07-18 17:10:00"
"17","Crucero del Norte","1","Estudiantes La Plata","2","Darío Herrera","2015-07-20 21:00:00"
"17","Rosario Central","0","Vélez Sarsfield","0","Jorge Baliño","2015-07-19 19:15:00"
"17","Colón","1","Lanús","2","Diego Abal","2015-07-18 21:30:00"
"17","Defensa y Justicia","2","Nueva Chicago","1","Néstor Pitana","2015-07-18 17:10:00"
"17","Gimnasia La Plata","2","Godoy Cruz","0","Federico Beligoy","2015-07-20 16:15:00"
"17","Olimpo","3","Aldosivi","1","Fernando Espinoza","2015-07-18 15:00:00"
"17","Racing Club","2","Sarmiento","1","Saúl Laverni","2015-07-18 21:10:00"
"17","Atletico Rafaela","1","River Plate","5","Mauro Vigliano","2015-07-18 19:30:00"
"17","San Lorenzo","3","Arsenal de Sarandí","0","Luis Álvarez","2015-07-17 20:01:00"
"17","San Martín San Juan","3","CA Huracán","2","Fernando Rapallini","2015-07-19 17:00:00"
"17","Temperley","0","Independiente","1","Juan Pablo Pompei","2015-07-19 22:30:00"
"17","Tigre","0","Newell's Old Boys","0","Ariel Penel","2015-07-19 17:00:00"
"18","Aldosivi","0","Temperley","0","Saúl Laverni","2015-07-24 22:10:00"
"18","Arsenal de Sarandí","3","Argentinos Juniors","2","Fernando Rapallini","2015-07-27 19:00:00"
"18","Belgrano","0","Boca Juniors","1","Diego Abal","2015-07-26 22:30:00"
"18","Nueva Chicago","0","San Martín San Juan","0","Andrés Merlos","2015-07-27 16:00:00"
"18","Gimnasia La Plata","2","Crucero del Norte","1","Germán Delfino","2015-07-25 16:00:00"
"18","Godoy Cruz","1","San Lorenzo","1","Silvio Trucco","2015-07-26 16:00:00"
"18","CA Huracán","1","Estudiantes La Plata","0","Patricio Loustau","2015-07-26 19:15:00"
"18","Independiente","2","Atletico Rafaela","0","Fernando Echenique","2015-07-25 21:10:00"
"18","Lanús","0","Defensa y Justicia","1","Sergio Pezzotta","2015-07-26 20:45:00"
"18","Newell's Old Boys","0","Rosario Central","1","Néstor Pitana","2015-07-26 16:00:00"
"18","Quilmes","2","Racing Club","1","Federico Beligoy","2015-07-26 18:20:00"
"18","River Plate","3","Colón","1","Darío Herrera","2015-07-25 18:15:00"
"18","Sarmiento","0","Tigre","1","Jorge Baliño","2015-07-25 17:15:00"
"18","Unión Santa Fe","0","Banfield","0","Ariel Penel","2015-07-25 19:45:00"
"18","Vélez Sarsfield","0","Olimpo","2","Luis Álvarez","2015-07-25 21:30:00"
"19","Argentinos Juniors","0","Godoy Cruz","0","Luis Álvarez","2015-08-01 16:30:00"
"19","Banfield","4","Arsenal de Sarandí","1","Silvio Trucco","2015-08-03 22:10:00"
"19","Boca Juniors","3","Unión Santa Fe","4","Jorge Baliño","2015-08-02 19:15:00"
"19","Crucero del Norte","3","CA Huracán","3","Mauro Vigliano","2015-08-02 18:30:00"
"19","Rosario Central","1","Sarmiento","1","Darío Herrera","2015-08-01 21:00:00"
"19","Colón","0","Independiente","1","Germán Delfino","2015-08-01 21:00:00"
"19","Defensa y Justicia","1","River Plate","0","Diego Abal","2015-10-14 21:45:00"
"19","Estudiantes La Plata","1","Nueva Chicago","0","Fernando Espinoza","2015-08-01 18:15:00"
"19","Olimpo","2","Newell's Old Boys","0","Fernando Rapallini","2015-08-02 16:30:00"
"19","Racing Club","0","Belgrano","0","Néstor Pitana","2015-08-02 17:00:00"
"19","Atletico Rafaela","2","Aldosivi","1","Sergio Pezzotta","2015-07-31 19:00:00"
"19","San Lorenzo","1","Gimnasia La Plata","0","Fernando Echenique","2015-08-01 19:10:00"
"19","San Martín San Juan","1","Lanús","1","Federico Beligoy","2015-08-11 22:30:00"
"19","Temperley","2","Vélez Sarsfield","1","Pedro Argañaraz","2015-07-31 22:10:00"
"19","Tigre","0","Quilmes","1","Andrés Merlos","2015-08-03 19:00:00"
"20","Aldosivi","1","Colón","1","Juan Pablo Pompei","2015-08-15 18:10:00"
"20","Arsenal de Sarandí","1","Boca Juniors","2","Mauro Vigliano","2015-08-16 22:30:00"
"20","Belgrano","1","Tigre","0","Germán Delfino","2015-08-14 21:00:00"
"20","Nueva Chicago","3","CA Huracán","0","Luis Álvarez","2015-08-15 16:00:00"
"20","Gimnasia La Plata","4","Argentinos Juniors","2","Patricio Loustau","2015-08-16 17:00:00"
"20","Godoy Cruz","1","Banfield","2","Facundo Tello","2015-08-15 17:00:00"
"20","Independiente","1","Defensa y Justicia","0","Silvio Trucco","2015-08-14 22:10:00"
"20","Lanús","0","Estudiantes La Plata","0","Fernando Echenique","2015-08-15 21:30:00"
"20","Newell's Old Boys","0","Temperley","0","Mariano González","2015-08-16 20:20:00"
"20","Quilmes","3","Rosario Central","1","Diego Ceballos","2015-08-17 22:10:00"
"20","River Plate","0","San Martín San Juan","1","Jorge Baliño","2015-08-17 19:00:00"
"20","Sarmiento","0","Olimpo","0","Ariel Penel","2015-08-14 19:00:00"
"20","San Lorenzo","2","Crucero del Norte","1","Fernando Espinoza","2015-08-16 17:00:00"
"20","Unión Santa Fe","1","Racing Club","2","Saúl Laverni","2015-08-15 19:10:00"
"20","Vélez Sarsfield","2","Atletico Rafaela","2","Fernando Rapallini","2015-08-16 19:15:00"
"21","Argentinos Juniors","2","San Lorenzo","3","Darío Herrera","2015-08-22 21:30:00"
"21","Banfield","1","Gimnasia La Plata","0","Sergio Pezzotta","2015-08-21 22:10:00"
"21","Boca Juniors","2","Godoy Cruz","0","Saúl Laverni","2015-08-23 19:15:00"
"21","Crucero del Norte","0","Nueva Chicago","1","Juan Pablo Pompei","2015-08-23 16:10:00"
"21","Rosario Central","3","Belgrano","1","Patricio Loustau","2015-08-23 17:00:00"
"21","Colón","0","Vélez Sarsfield","0","Jorge Baliño","2015-08-22 18:10:00"
"21","Defensa y Justicia","4","Aldosivi","0","Pedro Argañaraz","2015-08-24 21:00:00"
"21","Estudiantes La Plata","2","River Plate","1","Diego Abal","2015-08-23 22:30:00"
"21","CA Huracán","0","Lanús","0","Germán Delfino","2015-08-23 17:00:00"
"21","Olimpo","0","Quilmes","1","Nicolás Lamolina","2015-08-22 16:00:00"
"21","Racing Club","2","Arsenal de Sarandí","1","Diego Ceballos","2015-08-22 17:30:00"
"21","Atletico Rafaela","1","Newell's Old Boys","1","Fernando Espinoza","2015-08-21 21:00:00"
"21","San Martín San Juan","1","Independiente","1","Néstor Pitana","2015-08-22 19:10:00"
"21","Temperley","0","Sarmiento","0","Mauro Vigliano","2015-08-24 22:10:00"
"21","Tigre","2","Unión Santa Fe","1","Fernando Rapallini","2015-08-23 18:20:00"
"22","Aldosivi","2","San Martín San Juan","0","Patricio Loustau","2015-08-29 18:10:00"
"22","Argentinos Juniors","4","Crucero del Norte","0","Federico Beligoy","2015-08-28 22:10:00"
"22","Arsenal de Sarandí","2","Tigre","0","Fernando Echenique","2015-08-30 16:10:00"
"22","Belgrano","0","Olimpo","0","Diego Abal","2015-08-31 21:10:00"
"22","Gimnasia La Plata","1","Boca Juniors","2","Diego Ceballos","2015-08-29 19:15:00"
"22","Godoy Cruz","1","Racing Club","2","Germán Delfino","2015-09-30 16:30:00"
"22","Independiente","1","Estudiantes La Plata","1","Darío Herrera","2015-08-30 22:30:00"
"22","Lanús","1","Nueva Chicago","0","Silvio Trucco","2015-08-31 22:10:00"
"22","Newell's Old Boys","0","Colón","1","Néstor Pitana","2015-08-29 21:30:00"
"22","Quilmes","0","Temperley","0","Juan Pablo Pompei","2015-08-29 17:00:00"
"22","River Plate","1","CA Huracán","1","Saúl Laverni","2015-08-30 19:15:00"
"22","Sarmiento","0","Atletico Rafaela","1","Pablo Diaz","2015-08-30 18:20:00"
"22","San Lorenzo","0","Banfield","0","Fernando Rapallini","2015-08-30 17:10:00"
"22","Unión Santa Fe","0","Rosario Central","1","Luis Álvarez","2015-08-30 20:30:00"
"22","Vélez Sarsfield","2","Defensa y Justicia","1","Sergio Pezzotta","2015-08-29 21:30:00"
"23","Banfield","1","Argentinos Juniors","1","Néstor Pitana","2015-09-04 20:10:00"
"23","Boca Juniors","0","San Lorenzo","1","Fernando Echenique","2015-09-06 19:15:00"
"23","Crucero del Norte","1","Lanús","3","Sergio Pezzotta","2015-09-05 16:10:00"
"23","Rosario Central","1","Arsenal de Sarandí","0","Germán Delfino","2015-09-05 17:45:00"
"23","Nueva Chicago","1","River Plate","4","Patricio Loustau","2015-09-06 17:00:00"
"23","Colón","0","Sarmiento","1","Diego Abal","2015-09-05 18:20:00"
"23","Defensa y Justicia","1","Newell's Old Boys","0","Fernando Rapallini","2015-09-05 20:01:00"
"23","Estudiantes La Plata","2","Aldosivi","1","Facundo Tello","2015-09-07 22:10:00"
"23","CA Huracán","1","Independiente","1","Diego Ceballos","2015-09-05 19:10:00"
"23","Olimpo","0","Unión Santa Fe","0","Pablo Diaz","2015-09-06 20:20:00"
"23","Racing Club","2","Gimnasia La Plata","0","Luis Álvarez","2015-09-06 22:30:00"
"23","Atletico Rafaela","2","Quilmes","4","Darío Herrera","2015-09-07 21:00:00"
"23","San Martín San Juan","3","Vélez Sarsfield","1","Silvio Trucco","2015-09-06 18:10:00"
"23","Temperley","2","Belgrano","1","Fernando Espinoza","2015-09-05 21:30:00"
"23","Tigre","2","Godoy Cruz","1","Jorge Baliño","2015-09-04 20:10:00"
"24","Aldosivi","2","Crucero del Norte","0","Jorge Baliño","2015-09-14 19:00:00"
"24","Rosario Central","0","Newell's Old Boys","0","Diego Abal","2015-09-13 16:10:00"
"24","Nueva Chicago","1","Argentinos Juniors","2","Fernando Rapallini","2015-09-12 15:00:00"
"24","Colón","0","Unión Santa Fe","0","Mauro Vigliano","2015-09-13 17:40:00"
"24","Defensa y Justicia","1","Arsenal de Sarandí","0","Néstor Pitana","2015-09-11 22:10:00"
"24","Estudiantes La Plata","1","Gimnasia La Plata","1","Federico Beligoy","2015-09-13 17:00:00"
"24","CA Huracán","1","San Lorenzo","0","Sergio Pezzotta","2015-09-12 19:10:00"
"24","Independiente","3","Racing Club","0","Patricio Loustau","2015-09-12 17:10:00"
"24","Lanús","0","Banfield","1","Germán Delfino","2015-09-13 22:30:00"
"24","Olimpo","1","Sarmiento","0","Fernando Espinoza","2015-09-12 19:20:00"
"24","Atletico Rafaela","1","Belgrano","1","Ariel Penel","2015-09-12 21:30:00"
"24","River Plate","0","Boca Juniors","1","Darío Herrera","2015-09-13 19:15:00"
"24","San Martín San Juan","1","Godoy Cruz","2","Juan Pablo Pompei","2015-09-12 17:10:00"
"24","Temperley","0","Quilmes","0","Diego Ceballos","2015-09-14 22:10:00"
"24","Tigre","3","Vélez Sarsfield","0","Saúl Laverni","2015-09-12 22:30:00"
"25","Aldosivi","0","CA Huracán","0","Germán Delfino","2015-09-19 12:00:00"
"25","Argentinos Juniors","1","Boca Juniors","3","Luis Álvarez","2015-09-19 17:30:00"
"25","Arsenal de Sarandí","2","Olimpo","1","Sergio Pezzotta","2015-09-20 16:00:00"
"25","Banfield","2","Crucero del Norte","1","Federico Beligoy","2015-09-20 17:00:00"
"25","Belgrano","0","Atletico Rafaela","0","Pablo Diaz","2015-09-21 21:00:00"
"25","Gimnasia La Plata","1","Tigre","1","Darío Herrera","2015-09-19 19:45:00"
"25","Godoy Cruz","1","Rosario Central","3","Andrés Merlos","2015-09-19 17:30:00"
"25","Independiente","2","Nueva Chicago","1","Mauro Vigliano","2015-09-19 19:10:00"
"25","Newell's Old Boys","1","San Martín San Juan","0","Pedro Argañaraz","2015-09-19 20:01:00"
"25","Quilmes","1","Colón","0","Patricio Loustau","2015-09-21 22:10:00"
"25","River Plate","1","Lanús","1","Diego Ceballos","2015-09-20 19:15:00"
"25","Sarmiento","2","Defensa y Justicia","1","Saúl Laverni","2015-09-18 22:10:00"
"25","San Lorenzo","2","Racing Club","1","Silvio Trucco","2015-09-20 22:30:00"
"25","Unión Santa Fe","2","Temperley","1","Néstor Pitana","2015-09-20 18:10:00"
"25","Vélez Sarsfield","0","Estudiantes La Plata","1","Ariel Penel","2015-09-19 21:30:00"
"26","Boca Juniors","3","Banfield","0","Silvio Trucco","2015-09-27 19:15:00"
"26","Crucero del Norte","0","River Plate","1","Andrés Merlos","2015-09-26 21:30:00"
"26","Rosario Central","4","Gimnasia La Plata","0","Diego Ceballos","2015-09-27 17:00:00"
"26","Nueva Chicago","3","Aldosivi","1","Sergio Pezzotta","2015-09-26 17:00:00"
"26","Colón","0","Belgrano","1","Saúl Laverni","2015-09-26 19:15:00"
"26","Defensa y Justicia","0","Quilmes","1","Jorge Baliño","2015-09-27 18:10:00"
"26","Estudiantes La Plata","0","Newell's Old Boys","2","Germán Delfino","2015-09-28 22:10:00"
"26","CA Huracán","0","Vélez Sarsfield","0","Diego Abal","2015-09-27 17:00:00"
"26","Lanús","1","Independiente","1","Fernando Rapallini","2015-09-27 22:30:00"
"26","Olimpo","1","Godoy Cruz","0","Federico Beligoy","2015-09-25 22:10:00"
"26","Racing Club","1","Argentinos Juniors","0","Ariel Penel","2015-09-26 21:30:00"
"26","Atletico Rafaela","2","Unión Santa Fe","3","Patricio Loustau","2015-09-26 17:00:00"
"26","San Martín San Juan","0","Sarmiento","1","Pablo Diaz","2015-09-27 20:20:00"
"26","Temperley","1","Arsenal de Sarandí","2","Darío Herrera","2015-09-28 20:01:00"
"26","Tigre","1","San Lorenzo","1","Néstor Pitana","2015-09-26 19:10:00"
"27","Aldosivi","3","Lanús","1","Ariel Penel","2015-10-05 21:00:00"
"27","Argentinos Juniors","2","Tigre","1","Diego Ceballos","2015-10-03 18:15:00"
"27","Arsenal de Sarandí","1","Atletico Rafaela","1","Fernando Echenique","2015-10-03 16:00:00"
"27","Banfield","0","Racing Club","0","Saúl Laverni","2015-10-05 22:10:00"
"27","Belgrano","1","Defensa y Justicia","0","Federico Beligoy","2015-10-02 21:00:00"
"27","Boca Juniors","1","Crucero del Norte","0","Mauro Vigliano","2015-10-04 19:15:00"
"27","Gimnasia La Plata","2","Olimpo","2","Diego Abal","2015-10-03 21:30:00"
"27","Godoy Cruz","3","Temperley","0","Nicolás Lamolina","2015-10-04 17:10:00"
"27","Independiente","3","River Plate","0","Néstor Pitana","2015-10-04 22:30:00"
"27","Newell's Old Boys","2","CA Huracán","0","Facundo Tello","2015-10-04 20:30:00"
"27","Quilmes","2","San Martín San Juan","0","Silvio Trucco","2015-10-02 22:10:00"
"27","Sarmiento","0","Estudiantes La Plata","1","Fernando Espinoza","2015-10-03 17:15:00"
"27","San Lorenzo","2","Rosario Central","2","Germán Delfino","2015-10-03 19:10:00"
"27","Unión Santa Fe","0","Colón","0","Darío Herrera","2015-10-04 17:00:00"
"27","Vélez Sarsfield","1","Nueva Chicago","2","Jorge Baliño","2015-10-04 15:00:00"
"28","Crucero del Norte","0","Independiente","4","Diego Ceballos","2015-10-16 22:10:00"
"28","Rosario Central","2","Argentinos Juniors","0","Juan Pablo Pompei","2015-10-18 17:10:00"
"28","Nueva Chicago","5","Newell's Old Boys","0","Diego Abal","2015-10-17 16:15:00"
"28","Colón","3","Arsenal de Sarandí","1","Silvio Trucco","2015-10-17 18:30:00"
"28","Defensa y Justicia","0","Unión Santa Fe","0","Ariel Penel","2015-10-19 21:15:00"
"28","Estudiantes La Plata","4","Quilmes","1","Pedro Argañaraz","2015-10-17 21:30:00"
"28","CA Huracán","3","Sarmiento","0","Fernando Rapallini","2015-10-16 21:00:00"
"28","Lanús","0","Vélez Sarsfield","1","Fernando Echenique","2015-10-17 21:45:00"
"28","Olimpo","2","San Lorenzo","1","Darío Herrera","2015-10-18 17:10:00"
"28","Racing Club","3","Boca Juniors","1","Patricio Loustau","2015-10-18 22:30:00"
"28","Atletico Rafaela","1","Godoy Cruz","4","Sergio Pezzotta","2015-10-17 17:15:00"
"28","River Plate","1","Aldosivi","1","Germán Delfino","2015-10-18 19:30:00"
"28","San Martín San Juan","1","Belgrano","1","Jorge Baliño","2015-10-17 19:30:00"
"28","Temperley","1","Gimnasia La Plata","3","Néstor Pitana","2015-10-20 18:00:00"
"28","Tigre","3","Banfield","1","Andrés Merlos","2015-10-18 17:15:00"
"29","Aldosivi","1","Independiente","0","Jorge Baliño","2015-11-01 21:30:00"
"29","Argentinos Juniors","0","Olimpo","1","Héctor Paletta","2015-11-02 21:10:00"
"29","Arsenal de Sarandí","1","Defensa y Justicia","0","Germán Delfino","2015-11-02 20:01:00"
"29","Banfield","2","Rosario Central","1","Fernando Espinoza","2015-11-01 18:00:00"
"29","Belgrano","2","Estudiantes La Plata","1","Fernando Echenique","2015-10-31 16:30:00"
"29","Boca Juniors","1","Tigre","0","Federico Beligoy","2015-11-01 18:00:00"
"29","Gimnasia La Plata","1","Atletico Rafaela","0","Patricio Loustau","2015-10-31 17:10:00"
"29","Godoy Cruz","1","Colón","3","Saúl Laverni","2015-10-30 21:10:00"
"29","Newell's Old Boys","1","Lanús","1","Néstor Pitana","2015-10-31 21:10:00"
"29","Quilmes","2","CA Huracán","1","Diego Ceballos","2015-11-01 15:30:00"
"29","Racing Club","3","Crucero del Norte","0","Sergio Pezzotta","2015-10-31 20:30:00"
"29","Sarmiento","1","Nueva Chicago","2","Darío Herrera","2015-10-30 21:10:00"
"29","San Lorenzo","2","Temperley","0","Mauro Vigliano","2015-11-01 18:00:00"
"29","Unión Santa Fe","0","San Martín San Juan","0","Juan Pablo Pompei","2015-10-31 19:20:00"
"29","Vélez Sarsfield","0","River Plate","1","Nicolás Lamolina","2015-10-31 19:00:00"
"30","Crucero del Norte","0","Aldosivi","2","Patricio Loustau","2015-11-09 20:10:00"
"30","Rosario Central","3","Boca Juniors","1","Mauro Vigliano","2015-11-08 18:15:00"
"30","Nueva Chicago","2","Quilmes","1","Sergio Pezzotta","2015-11-09 15:30:00"
"30","Colón","2","Gimnasia La Plata","1","Andrés Merlos","2015-11-07 18:00:00"
"30","Defensa y Justicia","1","Godoy Cruz","1","Juan Pablo Pompei","2015-11-07 15:30:00"
"30","Estudiantes La Plata","2","Unión Santa Fe","0","Jorge Baliño","2015-11-07 20:30:00"
"30","CA Huracán","1","Belgrano","1","Néstor Pitana","2015-11-09 15:30:00"
"30","Independiente","1","Vélez Sarsfield","0","Ariel Penel","2015-11-08 21:30:00"
"30","Lanús","2","Sarmiento","1","Patricio Loustau","2015-11-06 21:10:00"
"30","Olimpo","1","Banfield","2","Federico Beligoy","2015-11-07 20:30:00"
"30","Atletico Rafaela","0","San Lorenzo","1","Germán Delfino","2015-11-08 18:15:00"
"30","River Plate","0","Newell's Old Boys","2","Fernando Echenique","2015-11-08 16:00:00"
"30","San Martín San Juan","1","Arsenal de Sarandí","0","Darío Herrera","2015-11-07 18:30:00"
"30","Temperley","0","Argentinos Juniors","0","Saúl Laverni","2015-11-09 15:30:00"
"30","Tigre","0","Racing Club","0","Fernando Espinoza","2015-11-08 18:15:00"
